,mobiles,price
0,Flipkart SmartBuy Back Cover for Samsung Galaxy F23 5G,₹149
1,Flipkart SmartBuy Back Cover for Asus Zenfone Max Pro M...,₹149
2,Flipkart SmartBuy Back Cover for Vivo Y16,₹149
3,Flipkart SmartBuy Back Cover for Google Pixel 6a,₹149
4,Flipkart SmartBuy Back Cover for Honor 9 Lite,₹149
5,Flipkart SmartBuy Back Cover for Mi Redmi Note 5 Pro,₹149
6,Flipkart SmartBuy Back Cover for Redmi 9i,₹149
7,Flipkart SmartBuy Back Cover for Realme C33,₹149
8,"Flipkart SmartBuy Back Cover for Samsung Galaxy F41, Sa...",₹149
9,"Power Back Cover for Samsung Galaxy J6, Samsung Galaxy ...",₹199
10,Flipkart SmartBuy Back Cover for Realme 3 Pro,₹149
11,Fashionury Back Cover for Realme 5 Pro,₹149
12,"Fashionury Back Cover for Oppo Reno2 F, OPPO Reno 2z",₹149
13,Flipkart SmartBuy Back Cover for Redmi 9i,₹149
14,Flipkart SmartBuy Back Cover for OnePlus Nord 2T 5G,₹149
15,"Fashionury Back Cover for Oppo A5 2020, Oppo A9 2020",₹149
16,Flipkart SmartBuy Back Cover for Nokia 5.1 Plus,₹149
17,"Flipkart SmartBuy Back Cover for Poco C31, Mi Redmi 9",₹149
18,"Flipkart SmartBuy Back Cover for Mi Redmi Note 7 Pro, M...",₹149
19,"Flipkart SmartBuy Back Cover for Realme XT, Realme X2",₹149
20,"Flipkart SmartBuy Back Cover for Apple iPhone 7, Apple ...",₹149
21,Flipkart SmartBuy Back Cover for Samsung Galaxy F13,₹149
22,"Flipkart SmartBuy Back Cover for Realme C35, Realme Nar...",₹149
23,Flipkart SmartBuy Back Cover for Samsung Galaxy M33 5G,₹149
24,Flipkart SmartBuy Back Cover for Samsung Galaxy A21s,₹149
25,Flipkart SmartBuy Back Cover for Realme Narzo 30 Pro 5G,₹149
26,Flipkart SmartBuy Back Cover for Mi Redmi 8,₹149
27,"Fashionury Back Cover for Vivo S1, Vivo Z1x",₹149
28,"Dainty TECH Back Cover for Samsung Galaxy F23, Samsung ...",₹169
29,"Flipkart SmartBuy Back Cover for Samsung Galaxy A50s, S...",₹149
30,Flipkart SmartBuy Back Cover for OnePlus Nord 2 5G,₹149
31,Flipkart SmartBuy Back Cover for Infinix Hot 8,₹149
32,Power Back Cover for Samsung Galaxy J8,₹149
33,Power Back Cover for Samsung Galaxy S9 Plus,₹149
34,Flipkart SmartBuy Back Cover for Realme 8,₹149
35,Flipkart SmartBuy Back Cover for Oppo K10 5G,₹149
36,Flipkart SmartBuy Back Cover for Infinix Hot 12 Play,₹149
37,Power Back Cover for Apple iPhone 7,₹199
38,"Flipkart SmartBuy Back Cover for Vivo T1 5G, Vivo Y75 5...",₹149
39,Flipkart SmartBuy Back Cover for Realme 3 Pro,₹149
